-SEULLEE-,DarKLon,CreaTion,SHaNa,sweetBox,-taSa-
*Reim*,*Ardan*,*Kinetic*,*Magnus*,*Sanfeng*,*SAW*
*Adagio*,*Sanfeng*,*Adagio*,*Vox*,*Sanfeng*,*Inara*
*Phinn*,*Grumpjaw*,*Kinetic*,*Varya*,*Joule*,*Sanfeng*
*Celeste*,*Yates*,*Gwen*,*Vox*,*Grumpjaw*,*Ylva*
*Magnus*,*Sanfeng*,*Silvernail*,*Idris*,*Sanfeng*,*Tony*
*Lance*,*Kensei*,*Ylva*,*Magnus*,*Sanfeng*,*Joule*
*Samuel*,*Sanfeng*,*Ylva*,*Celeste*,*Sanfeng*,*Reza*
*Ardan*,*Baron*,*Gwen*,*Magnus*,*Lance*,*Ylva*
*Lance*,*Tony*,*Kinetic*,*Varya*,*Sanfeng*,*Anka*
*Catherine*,*Yates*,*Adagio*,*Vox*,*Sanfeng*,*Joule*
*Samuel*,*Lorelai*,*Kinetic*,*Skaarf*,*Grumpjaw*,*Ylva*
*Catherine*,*Sanfeng*,*Kinetic*,*Vox*,*Alpha*,*Malene*
*Yates*,*Adagio*,*Baron*,*Kensei*,*Sanfeng*,*Joule*
*Lorelai*,*Lorelai*,*Blackfeather*,*Joule*,*Sanfeng*,*Taka*
*Yates*,*Lance*,*Silvernail*,*Kensei*,*Alpha*,*Reza*
*Joule*,*Grumpjaw*,*Kinetic*,*Joule*,*Alpha*,*Ylva*
*Reim*,*Inara*,*Lance*,*Joule*,*Grumpjaw*,*Malene*
*Grumpjaw*,*Alpha*,*Adagio*,*Idris*,*Kestrel*,*Ylva*
*Baptiste*,*Ozo*,*Kinetic*,*Joule*,*Grumpjaw*,*Taka*
*Baron*,*Kinetic*,*Baron*,*Skaarf*,*Alpha*,*Reza*
*Reza*,*Celeste*,*Kinetic*,*Skaarf*,*Alpha*,*Taka*
*Magnus*,*Skaarf*,*Silvernail*,*Vox*,*Lance*,*Lorelai*
*Celeste*,*Grumpjaw*,*Glaive*,*Varya*,*Lance*,*Fortress*
*Magnus*,*Baron*,*Kinetic*,*Malene*,*Alpha*,*Reza*
*Joule*,*Reza*,*Lance*,*Celeste*,*Sanfeng*,*Joule*
*Churnwalker*,*Sanfeng*,*Silvernail*,*Lorelai*,*Grumpjaw*,*Reza*
*Joule*,*Sanfeng*,*Baron*,*Magnus*,*Lance*,*Lorelai*
*Joule*,*Sanfeng*,*Adagio*,*Idris*,*Grumpjaw*,*Ylva*
*Reim*,*Grumpjaw*,*Kinetic*,*Kensei*,*Skye*,*Glaive*
*Grumpjaw*,*SAW*,*Gwen*,*Skaarf*,*Malene*,*Lorelai*
*Joule*,*Lorelai*,*Kinetic*,*Celeste*,*Malene*,*Lorelai*
*Joule*,*Reim*,*Baron*,*Varya*,*Skye*,*Joule*
*Lance*,*Reim*,*Kinetic*,*Celeste*,*Lance*,*Grace*
*Reim*,*Fortress*,*Adagio*,*Celeste*,*Skye*,*Grace*
*Glaive*,*Reim*,*Kinetic*,*Vox*,*Reza*,*Anka*
*Catherine*,*Ozo*,*Glaive*,*Magnus*,*Skye*,*Lorelai*
*Churnwalker*,*Ozo*,*Kinetic*,*Magnus*,*Grumpjaw*,*Anka*
*Lyra*,*Ringo*,*Kinetic*,*Vox*,*Skye*,*Blackfeather*
*Lance*,*Blackfeather*,*Joule*,*Skaarf*,*Malene*,*Reza*
*Ardan*,*Adagio*,*Kinetic*,*Magnus*,*Malene*,*Ylva*
*Grace*,*Inara*,*Kinetic*,*Celeste*,*Joule*,*Malene*
*Grumpjaw*,*Lance*,*Silvernail*,*Magnus*,*Reza*,*Anka*
*Magnus*,*Grumpjaw*,*Kinetic*,*Malene*,*Grumpjaw*,*Reza*
*Alpha*,*Ringo*,*Lance*,*Skaarf*,*Joule*,*Anka*
*Lance*,*Malene*,*Kinetic*,*Celeste*,*Grumpjaw*,*Lorelai*
*Fortress*,*Fortress*,*Gwen*,*Skaarf*,*Skye*,*Reza*
*Lance*,*Lorelai*,*Baron*,*Magnus*,*Skye*,*Ylva*
*Fortress*,*Fortress*,*Silvernail*,*Skaarf*,*Reza*,*Anka*
*Ylva*,*Fortress*,*Kinetic*,*Malene*,*Grumpjaw*,*Malene*
*Tony*,*Sanfeng*,*Kinetic*,*Magnus*,*Malene*,*Grace*
*Lance*,*Fortress*,*Gwen*,*Samuel*,*Lance*,*Sanfeng*
*Glaive*,*Churnwalker*,*Adagio*,*Magnus*,*Sanfeng*,*Reza*
*Grumpjaw*,*Lorelai*,*Kinetic*,*Celeste*,*Reza*,*Sanfeng*
*Lance*,*Churnwalker*,*Kinetic*,*Celeste*,*Grumpjaw*,*Lorelai*
*Grumpjaw*,*Churnwalker*,*Kinetic*,*Magnus*,*Reza*,*Sanfeng*
*Grumpjaw*,*Fortress*,*Adagio*,*Malene*,*Skye*,*Reza*
,*Tony*,*Kinetic*,*Magnus*,*Grumpjaw*,*Malene*
,*Tony*,*Adagio*,*Celeste*,,*Taka*
,*Lyra*,*Silvernail*,*Magnus*,,*Reza*
,*Fortress*,*Silvernail*,*Varya*,,*Skye*
,*Yates*,*Lance*,*Lance*,,*Taka*
,*Churnwalker*,*Lance*,*Varya*,,*Fortress*
,*Yates*,*Kinetic*,*Skaarf*,,*Tony*
,*Inara*,*Adagio*,*Celeste*,,*Tony*
,*Lyra*,*Glaive*,*Celeste*,,*Skye*
,*Lyra*,*Kinetic*,*Celeste*,,*Fortress*
,*Sanfeng*,*Adagio*,*Celeste*,,*Skye*
,*Churnwalker*,*Kinetic*,*Celeste*,,*Koshka*
,*Yates*,*Kinetic*,*Baron*,,*Lorelai*
,*Glaive*,*Adagio*,*Skaarf*,,*Sanfeng*
,*Fortress*,*Silvernail*,*Skaarf*,,*Ylva*
,*Adagio*,*Kinetic*,*Celeste*,,*Koshka*
,*Sanfeng*,*Adagio*,*Skaarf*,,*Reza*
,*Gwen*,*Kinetic*,*Celeste*,,*Skye*
,*Fortress*,*Baron*,*Magnus*,,*Reza*
,*Churnwalker*,*Kinetic*,*Celeste*,,*Skye*
,*Tony*,*Baron*,*Malene*,,*Malene*
,*Yates*,*Baron*,*Magnus*,,*Sanfeng*
,*Lorelai*,*Adagio*,*Celeste*,,*Sanfeng*
,*Ardan*,*Baron*,*Skaarf*,,*Glaive*
,*Sanfeng*,*Kinetic*,*Samuel*,,*Reza*
,*Fortress*,*Gwen*,*Malene*,,*Fortress*
,*Glaive*,*Silvernail*,*Skaarf*,,*Ylva*
,*Sanfeng*,*Kinetic*,*Skaarf*,,*Anka*
,*Ringo*,*Kinetic*,*Varya*,,*Skye*
,*Fortress*,*Silvernail*,*Joule*,,*Malene*
,*Fortress*,*Kinetic*,*Varya*,,*Malene*
,*Fortress*,*Adagio*,*Skaarf*,,*Skye*
,*Reim*,*Lance*,*Malene*,,*Reza*
,*Yates*,*Kinetic*,*Skaarf*,,*Glaive*
,*Fortress*,*Kinetic*,*Skaarf*,,*Glaive*
,*Kinetic*,*Baron*,*Skaarf*,,
,*Magnus*,*Kinetic*,*Skaarf*,,
,*Sanfeng*,*Baron*,*Skaarf*,,
,*Adagio*,*Adagio*,*Celeste*,,
,*Yates*,*Baron*,*Skaarf*,,
,*Churnwalker*,*Kinetic*,*Malene*,,
,*Lance*,*Baron*,*Skaarf*,,
,*Sanfeng*,*Adagio*,*Kensei*,,
,*Sanfeng*,*Kinetic*,*Petal*,,
,*Lance*,*Baron*,*Malene*,,
,*Adagio*,*Kinetic*,*Taka*,,
,*Sanfeng*,*Baron*,*Skaarf*,,
,*Yates*,*Adagio*,*Malene*,,
,*Lorelai*,*Baron*,*Celeste*,,
,*Lance*,*Kinetic*,*Skaarf*,,
,*Fortress*,*Kinetic*,*Skaarf*,,
,*Fortress*,*Baron*,*Skaarf*,,
,*Fortress*,*Kinetic*,*Celeste*,,
,*Celeste*,*Baron*,*Skaarf*,,
,*Adagio*,*Baron*,*Celeste*,,
,*Adagio*,*Gwen*,*Varya*,,
,*Grumpjaw*,*Adagio*,*Skaarf*,,
,*Lance*,*Baron*,*Skaarf*,,
,*Churnwalker*,*Baron*,*Celeste*,,
,*Yates*,*Adagio*,*Skaarf*,,
,*Adagio*,*Baron*,*Samuel*,,
,*Yates*,*Baron*,*Samuel*,,
,*Glaive*,*Baron*,*Magnus*,,
,*Sanfeng*,*Idris*,*Samuel*,,
,*Glaive*,*Adagio*,*Skaarf*,,
,*Yates*,*Baron*,*Gwen*,,
,*Sanfeng*,*Kinetic*,*Skaarf*,,
,*Lyra*,*Baron*,*Skaarf*,,
,*Tony*,*Adagio*,*Skaarf*,,
,*Glaive*,*Baron*,*Celeste*,,
,*Glaive*,*Baron*,*Celeste*,,
,*Yates*,*Adagio*,*Skaarf*,,
,*Fortress*,*Gwen*,*Skaarf*,,
,*Lance*,*Adagio*,*Malene*,,
,*Tony*,*Adagio*,*Celeste*,,
,*Fortress*,*Adagio*,*Joule*,,
,*Yates*,*Adagio*,*Magnus*,,
,*Tony*,*Kinetic*,*Skaarf*,,
,*Reim*,*Baron*,*Magnus*,,
,*Fortress*,*Baron*,*Celeste*,,
,*Anka*,*Kinetic*,*Celeste*,,
,*Baron*,*Kinetic*,*Celeste*,,
,*Reim*,*Adagio*,*Baptiste*,,
,*Reim*,*Kinetic*,*Vox*,,
,*Anka*,*Kinetic*,*Skaarf*,,
,*Adagio*,*Kinetic*,*Skaarf*,,
,*Skaarf*,*Adagio*,*Celeste*,,
,*Yates*,*Baron*,*Skaarf*,,
,*Yates*,*Baron*,*Joule*,,
,*Yates*,*Adagio*,*Lyra*,,
,*Yates*,*Baron*,*Magnus*,,
,*Adagio*,*Adagio*,*Joule*,,
,*Sanfeng*,*Kinetic*,*Vox*,,
,*Sanfeng*,*Adagio*,*Skaarf*,,
,*Yates*,*Kinetic*,*Celeste*,,
,*Sanfeng*,*Baron*,*Vox*,,
,*Catherine*,*Baron*,*Vox*,,
,*Catherine*,*Adagio*,*Adagio*,,
,*Sanfeng*,*Glaive*,*Celeste*,,
,*Sanfeng*,*Baron*,*Varya*,,
,*Lyra*,*Gwen*,*Kensei*,,
,*Glaive*,*Adagio*,*Celeste*,,
,*Churnwalker*,*Kinetic*,*Celeste*,,
,*Fortress*,*Kinetic*,*Celeste*,,
,*Catherine*,*Gwen*,*Magnus*,,
,*Tony*,*Glaive*,*Celeste*,,
,*Lyra*,*Glaive*,*Samuel*,,
,*Samuel*,*Kinetic*,*Celeste*,,
,*Flicker*,*Adagio*,*Malene*,,
,*Glaive*,*Kinetic*,*Skaarf*,,
,*Yates*,*Adagio*,*Skaarf*,,
,*Yates*,*Kinetic*,*Samuel*,,
,*Yates*,*Baron*,*Malene*,,
,*Catherine*,*Kinetic*,*Celeste*,,
,*Adagio*,*Kinetic*,*Celeste*,,
,*Lance*,*Kinetic*,*Celeste*,,
,,*Kinetic*,*Kensei*,,
,,*Adagio*,*Lyra*,,
,,*Kinetic*,*Celeste*,,
,,*Kinetic*,*Magnus*,,
,,,*Skaarf*,,
,,,*Celeste*,,
,,,*Malene*,,
,,,*Grace*,,
,,,*Grumpjaw*,,
,,,*Celeste*,,
,,,*Skaarf*,,
,,,*Vox*,,
,,,*Skaarf*,,
,,,*Magnus*,,
,,,*Varya*,,
,,,*Magnus*,,
