StarIy,omg00X,LyRiz,minami0928,Supercell7,hiroki325
*Anka*,*Ylva*,*Ringo*,*Celeste*,*Lorelai*,*Kestrel*
*Anka*,*Kensei*,*Ringo*,*Samuel*,*Adagio*,*Gwen*
*Sanfeng*,*Kestrel*,*Gwen*,*Joule*,*Sanfeng*,*Reza*
*Reim*,*Blackfeather*,*Kinetic*,*Celeste*,*Lyra*,*Magnus*
*Skaarf*,*Blackfeather*,*Gwen*,*Magnus*,*Lorelai*,*Joule*
*Reza*,*Ylva*,*SAW*,*Reza*,*Adagio*,*Joule*
*Sanfeng*,*Ylva*,*Gwen*,*Celeste*,*Adagio*,*Gwen*
*Sanfeng*,*Blackfeather*,*Gwen*,*Magnus*,*Adagio*,*Baron*
*Sanfeng*,*Kinetic*,*Kinetic*,*SAW*,*Adagio*,*Gwen*
*Anka*,*Ylva*,*Ringo*,*Samuel*,*Adagio*,*Samuel*
*Grumpjaw*,*Ylva*,*Kinetic*,*Magnus*,*Lyra*,*Anka*
*Anka*,*Ylva*,*Anka*,*Reza*,*Adagio*,*Kinetic*
*Sanfeng*,*Ylva*,*Glaive*,*Reza*,*Adagio*,*Idris*
*Lance*,*Kinetic*,*Kestrel*,*Magnus*,*Adagio*,*Blackfeather*
*Joule*,*Ylva*,*Glaive*,*Kinetic*,*Lorelai*,*Baron*
*Anka*,*Kinetic*,*Anka*,*Samuel*,*Adagio*,*Baron*
*Reza*,*Gwen*,*Varya*,*Vox*,*Lyra*,*Reza*
*Lance*,*Ylva*,*Gwen*,*Celeste*,*Lance*,*Churnwalker*
*Sanfeng*,*Kinetic*,*Celeste*,*Kinetic*,*Lance*,*Reim*
*Lance*,*Gwen*,*Vox*,*Samuel*,*Reza*,*Anka*
*Reza*,*Kinetic*,*Kinetic*,*Kinetic*,*Glaive*,*Blackfeather*
*Grumpjaw*,*Kinetic*,*Grumpjaw*,*Reza*,*Grumpjaw*,*Grumpjaw*
*Grumpjaw*,*Ylva*,*Glaive*,*Celeste*,*Adagio*,*Koshka*
*Lance*,*Ringo*,*Glaive*,*Lance*,*Adagio*,*Anka*
*Skaarf*,*Ringo*,*Glaive*,*Samuel*,*Adagio*,*Reza*
*Grumpjaw*,*Baron*,*Glaive*,*Kinetic*,*Adagio*,*Anka*
*Lance*,*Gwen*,*Kestrel*,*Sanfeng*,*Adagio*,*Kestrel*
*Skaarf*,*Kinetic*,*Glaive*,*Celeste*,*Adagio*,*Sanfeng*
*Grumpjaw*,*Ylva*,*Anka*,*Samuel*,*Lyra*,*Ylva*
*Alpha*,*Ylva*,*Glaive*,*Celeste*,*Lyra*,*Grumpjaw*
*Skaarf*,*Ylva*,*Reza*,*Samuel*,*Sanfeng*,*Grumpjaw*
*Yates*,*Ylva*,*Lyra*,*Magnus*,*Adagio*,*Grumpjaw*
*Sanfeng*,*Lance*,*Gwen*,*Samuel*,*Sanfeng*,*Grumpjaw*
*Reza*,*Baron*,*Kinetic*,*Magnus*,*Adagio*,*Grumpjaw*
*Joule*,*Ylva*,*Gwen*,*Samuel*,*Lyra*,*Glaive*
*Joule*,*Kinetic*,*Anka*,*Magnus*,*Adagio*,*Reza*
*Skaarf*,*Ylva*,*Blackfeather*,*Celeste*,*Lyra*,*Glaive*
*Malene*,*Ylva*,*Reza*,*Samuel*,*Lorelai*,*Reza*
*Skaarf*,*Gwen*,*Kinetic*,*Celeste*,*Yates*,*Reza*
*Skaarf*,*Ylva*,*Glaive*,*Samuel*,*Lyra*,
*Grumpjaw*,*Baron*,*Glaive*,*Celeste*,*Sanfeng*,
*Grumpjaw*,*Ylva*,*Kestrel*,*Samuel*,*Adagio*,
*Grumpjaw*,*Kinetic*,*Glaive*,*Magnus*,*Sanfeng*,
*Grumpjaw*,*Baron*,*Skye*,*Magnus*,*Yates*,
*Malene*,*Kestrel*,*Anka*,*Celeste*,*Lyra*,
*Malene*,*Gwen*,*Glaive*,*Celeste*,*Yates*,
*Malene*,*Gwen*,*Skye*,*Magnus*,*Yates*,
*Anka*,*Gwen*,*Anka*,*SAW*,*Sanfeng*,
*Malene*,*Gwen*,*Koshka*,*Magnus*,*Sanfeng*,
*Anka*,*Kinetic*,*Samuel*,*Celeste*,*Lorelai*,
*Glaive*,*Kinetic*,*Anka*,*Celeste*,*Churnwalker*,
*Grumpjaw*,*Adagio*,*Anka*,*Magnus*,*Adagio*,
*Malene*,*Gwen*,*Anka*,*Samuel*,*Lyra*,
*Sanfeng*,*Adagio*,*Anka*,*Celeste*,*Sanfeng*,
*Grumpjaw*,*Ylva*,*Glaive*,*Celeste*,*Lyra*,
*Reza*,*Gwen*,*Koshka*,*Samuel*,*Lorelai*,
*Grumpjaw*,*Baron*,*Anka*,*Samuel*,*Flicker*,
*Skaarf*,*Adagio*,*Kestrel*,*Magnus*,*Lyra*,
*Baptiste*,*Ylva*,*Anka*,*Celeste*,*Fortress*,
*Grumpjaw*,*Ylva*,*Anka*,*Celeste*,*Lance*,
*Anka*,*Adagio*,*Reza*,*Magnus*,*Adagio*,
*Skaarf*,*Ylva*,*Anka*,*Anka*,*Adagio*,
*Grumpjaw*,*Ylva*,*Kestrel*,*Skaarf*,*Lance*,
*Joule*,*Baron*,*Tony*,*Samuel*,*Adagio*,
*Grumpjaw*,*Kinetic*,*Anka*,*Skaarf*,*Adagio*,
*Sanfeng*,*Adagio*,*Vox*,*Baron*,*Adagio*,
*Joule*,*Kinetic*,*Glaive*,*Magnus*,*Flicker*,
*Sanfeng*,*Ylva*,*Skye*,*Sanfeng*,*Fortress*,
*Joule*,*Kinetic*,*Reim*,*Celeste*,*Ardan*,
*Joule*,*Kinetic*,*Kestrel*,*Samuel*,*Lorelai*,
*Lance*,*Ylva*,*Skye*,*Skaarf*,*Grace*,
*Joule*,*Adagio*,*Kestrel*,*Skaarf*,*Fortress*,
*Skaarf*,*Adagio*,*Glaive*,*Celeste*,*Lorelai*,
*Joule*,*Adagio*,*Anka*,*Skaarf*,*Lorelai*,
*Lance*,*Anka*,*Tony*,*Celeste*,*Churnwalker*,
,*Adagio*,*Fortress*,*Celeste*,*Adagio*,
,*Adagio*,*Glaive*,*Grumpjaw*,*Fortress*,
,*Adagio*,*Glaive*,*Samuel*,*Churnwalker*,
,*Adagio*,*Sanfeng*,*Magnus*,*Sanfeng*,
,*Adagio*,*Yates*,*Skaarf*,*Adagio*,
,*Kinetic*,*Lance*,*Celeste*,,
,*Kinetic*,*Kinetic*,*Celeste*,,
,*Adagio*,*Kinetic*,*Celeste*,,
,*Kinetic*,*Baron*,*Samuel*,,
,*Baron*,*Anka*,,,
,*Ylva*,*Grumpjaw*,,,
,*Adagio*,*Glaive*,,,
,*Adagio*,*Anka*,,,
,*Ylva*,*Glaive*,,,
,*Ylva*,*Anka*,,,
,*Adagio*,*Anka*,,,
,*Gwen*,*Ylva*,,,
,*Baron*,*Ylva*,,,
,*Baron*,*Skye*,,,
,*Baron*,*Reza*,,,
,*Gwen*,*Celeste*,,,
,*Adagio*,*Skye*,,,
,*Baron*,*Anka*,,,
,*Ylva*,*Ylva*,,,
,*Gwen*,*Samuel*,,,
,*Baron*,*Reim*,,,
,*Adagio*,,,,
,*Baron*,,,,
,*Kinetic*,,,,
,*Gwen*,,,,
,*Kinetic*,,,,
,*Gwen*,,,,
,*Baron*,,,,
,*Baron*,,,,
