Ghostsoul,BaBalA,XiGuaGua,Hunt_Godfather,JeIIyfishEA
*Churnwalker*,*Joule*,*Malene*,*Inara*,*Kinetic*
*Phinn*,*Sanfeng*,*Magnus*,*Reza*,*Gwen*
*Phinn*,*Sanfeng*,*Kestrel*,*Ylva*,*Samuel*
*Churnwalker*,*Sanfeng*,*Idris*,*Tony*,*Gwen*
*Ardan*,*Reza*,*SAW*,*Taka*,*Adagio*
*Lyra*,*Joule*,*SAW*,*Skaarf*,*Skye*
*Adagio*,*Joule*,*Magnus*,*Kinetic*,*Skye*
*Churnwalker*,*Joule*,*Malene*,*Gwen*,*Gwen*
*Churnwalker*,*Joule*,*Magnus*,*Ringo*,*Gwen*
*Lance*,*Joule*,*Magnus*,*Baron*,*Adagio*
*Churnwalker*,*Sanfeng*,*Skye*,*Baptiste*,*Adagio*
*Lorelai*,*Adagio*,*Varya*,*Churnwalker*,*Adagio*
*Lyra*,*Adagio*,*SAW*,*Skaarf*,*Silvernail*
*Churnwalker*,*Joule*,*Malene*,*Sanfeng*,*Adagio*
*Lance*,*Adagio*,*Malene*,*Churnwalker*,*Gwen*
*Adagio*,*Sanfeng*,*Varya*,*Sanfeng*,*Gwen*
*Lance*,*Sanfeng*,*Skaarf*,*Sanfeng*,*Skye*
*Lance*,*Sanfeng*,*Varya*,*Anka*,*Baron*
*Lorelai*,*Adagio*,*Celeste*,*Reza*,*Skye*
*Yates*,*Joule*,*Varya*,*Malene*,*Baron*
*Lance*,*Adagio*,*Malene*,*Malene*,*Idris*
*Lyra*,*Adagio*,*SAW*,*Churnwalker*,*Gwen*
*Lyra*,*Reza*,*Joule*,*Malene*,*Baron*
*Lorelai*,*Adagio*,*Joule*,*Sanfeng*,*Adagio*
*Ardan*,*Gwen*,*Joule*,*Ylva*,*Skye*
*Sanfeng*,*Skaarf*,*Skye*,*Lyra*,*Lance*
*Yates*,*Adagio*,*Magnus*,*Reza*,*Skye*
*Ardan*,*Adagio*,*Magnus*,*Baptiste*,*Skye*
*Lance*,*Adagio*,*Joule*,*Reza*,*Kinetic*
*Lance*,*Adagio*,*Reza*,*Anka*,*Samuel*
*Lorelai*,*Adagio*,*Vox*,*SAW*,*Adagio*
*Grumpjaw*,*Joule*,*Varya*,*Ylva*,*Adagio*
*Churnwalker*,*Joule*,*Malene*,*Taka*,*Adagio*
*Ylva*,*Adagio*,*Samuel*,*Malene*,*Gwen*
*Ylva*,*Adagio*,*SAW*,*Anka*,*Churnwalker*
*Churnwalker*,*Skaarf*,*Kestrel*,*Sanfeng*,*Lance*
*Lance*,*Adagio*,*Joule*,*Malene*,*Adagio*
*Lorelai*,*Adagio*,*Magnus*,*Anka*,*Adagio*
*Ardan*,*Adagio*,*Skaarf*,*Fortress*,*Adagio*
*Lorelai*,*Adagio*,*Joule*,*Fortress*,*Adagio*
*Tony*,*Grumpjaw*,*Vox*,*SAW*,*Adagio*
*Samuel*,*Adagio*,*Varya*,*Churnwalker*,*Kinetic*
*Ardan*,*Adagio*,*Malene*,*Fortress*,*Gwen*
*Lyra*,*Adagio*,*Joule*,*Baptiste*,*Kinetic*
*Lorelai*,*Adagio*,*Magnus*,*Ylva*,*Baron*
*Lance*,*Skaarf*,*Celeste*,*Lyra*,*Baron*
*Yates*,*Joule*,*Varya*,*Lorelai*,*Adagio*
*Churnwalker*,*Grumpjaw*,*Samuel*,*Sanfeng*,*Baron*
*Lyra*,*Lance*,*Celeste*,*Alpha*,*Gwen*
*Lorelai*,*Sanfeng*,*Skye*,*Skaarf*,*Adagio*
*Lorelai*,*Adagio*,*Skye*,*Flicker*,*Lance*
*Reim*,*Reza*,*Skye*,*Ylva*,*Baron*
*Churnwalker*,*Grumpjaw*,*Magnus*,*Baptiste*,*Adagio*
*Lorelai*,*Sanfeng*,*Skye*,*Lyra*,
*Lance*,*Adagio*,*Malene*,*Inara*,
*Lyra*,*Celeste*,*Malene*,*Reza*,
*Lorelai*,*Sanfeng*,*Celeste*,*Ardan*,
*Lorelai*,*Lance*,*Joule*,*Churnwalker*,
*Ardan*,*Skaarf*,*Malene*,*Adagio*,
*Lance*,*Adagio*,*Malene*,*Adagio*,
*Churnwalker*,*Adagio*,*Skaarf*,*Churnwalker*,
*Lance*,*Adagio*,*Malene*,*Ardan*,
*Adagio*,*Reza*,*Malene*,*Ardan*,
*Lyra*,*Reza*,*Skaarf*,*Ardan*,
*Ardan*,*Reza*,*Malene*,*Joule*,
*Adagio*,*Skaarf*,*Skaarf*,*Alpha*,
*Lorelai*,*Reza*,*Skaarf*,*Grumpjaw*,
*Lance*,*Adagio*,*Malene*,*Lance*,
*Lyra*,*Skaarf*,*Malene*,*Lance*,
*Lance*,*Adagio*,*Skaarf*,*Adagio*,
*Sanfeng*,*Skaarf*,*Skaarf*,*Joule*,
*Lyra*,*Reza*,*Malene*,*Samuel*,
*Sanfeng*,*Adagio*,*Magnus*,*Joule*,
*Lance*,*Reza*,*Magnus*,*Joule*,
*Lyra*,*Skaarf*,*Skaarf*,*Skaarf*,
*Churnwalker*,*Reza*,*Malene*,*Lance*,
*Ardan*,*Skaarf*,*Samuel*,*Sanfeng*,
*Ardan*,*Adagio*,*Vox*,*Ylva*,
*Yates*,*Adagio*,*Magnus*,,
*Churnwalker*,*Skaarf*,*Celeste*,,
*Lance*,*Ylva*,*Magnus*,,
*Phinn*,*Reza*,*Skaarf*,,
*Churnwalker*,*Adagio*,*Malene*,,
*Lyra*,*Reza*,*Samuel*,,
*Lorelai*,*Reza*,*Samuel*,,
*Lance*,*Grumpjaw*,*Samuel*,,
*Sanfeng*,*Skaarf*,*Joule*,,
*Lance*,*Skaarf*,*Magnus*,,
*Ardan*,*Sanfeng*,*Samuel*,,
*Lyra*,*Lance*,*Skaarf*,,
*Phinn*,*Adagio*,*Samuel*,,
*Lance*,*Reza*,*Magnus*,,
*Ardan*,*Skaarf*,*Malene*,,
*Ardan*,*Adagio*,*Joule*,,
*Lyra*,*Reza*,*Samuel*,,
*Lance*,*Reza*,*Skaarf*,,
*Adagio*,*Grumpjaw*,*Skaarf*,,
*Adagio*,*Reza*,*Samuel*,,
*Lorelai*,*Reza*,*Magnus*,,
*Lance*,*Lance*,*Celeste*,,
*Ardan*,*Lance*,*Joule*,,
*Ardan*,*Lance*,*Samuel*,,
*Yates*,*Lance*,*Sanfeng*,,
*Fortress*,*Lance*,*Magnus*,,
*Sanfeng*,*Grumpjaw*,*Varya*,,
*Ardan*,*Reza*,*Celeste*,,
*Sanfeng*,*Adagio*,*Celeste*,,
*Inara*,*Reza*,,,
*Baptiste*,*Lance*,,,
*Samuel*,*Skaarf*,,,
*Glaive*,*Grumpjaw*,,,
*Ylva*,*Reza*,,,
*Anka*,*Skaarf*,,,
*Sanfeng*,*Reza*,,,
*Fortress*,*Adagio*,,,
*SAW*,*Lance*,,,
*Joule*,*Reza*,,,
*Samuel*,*Adagio*,,,
*SAW*,*Skaarf*,,,
*Sanfeng*,*Adagio*,,,
*Anka*,*Joule*,,,
*Baptiste*,*Lance*,,,
*Grumpjaw*,*Reza*,,,
*Ylva*,*Lance*,,,
*Kinetic*,*Adagio*,,,
*SAW*,*Reza*,,,
*Sanfeng*,*Adagio*,,,
*Ylva*,*Grumpjaw*,,,
*Adagio*,*Joule*,,,
*Grace*,*Joule*,,,
*Ardan*,*Lance*,,,
*Ardan*,*Joule*,,,
*Churnwalker*,*Joule*,,,
*Adagio*,,,,
*Sanfeng*,,,,
*Ardan*,,,,
*Lance*,,,,
*Ardan*,,,,
*Lyra*,,,,
*Lyra*,,,,
*Adagio*,,,,
*Adagio*,,,,
*Lorelai*,,,,
*Churnwalker*,,,,
*Churnwalker*,,,,
*Lorelai*,,,,
*Grace*,,,,
*Churnwalker*,,,,
*Churnwalker*,,,,
*Ardan*,,,,
*Baptiste*,,,,
*Churnwalker*,,,,
*Adagio*,,,,
