Chuck,gabevizzle,Oldskool,Hami,ttigers
*Baptiste*,*Sanfeng*,*Adagio*,*Anka*,*Malene*
*Malene*,*Sanfeng*,*Adagio*,*Reza*,*Sanfeng*
*Celeste*,*Sanfeng*,*Vox*,*SAW*,*Rona*
*Magnus*,*Sanfeng*,*Lance*,*Anka*,*Koshka*
*Samuel*,*Yates*,*Vox*,*Grumpjaw*,*Kestrel*
*Baptiste*,*Ylva*,*Vox*,*Reza*,*Blackfeather*
*Magnus*,*Lorelai*,*Lance*,*Malene*,*Blackfeather*
*Samuel*,*Sanfeng*,*Vox*,*Reza*,*Blackfeather*
*Celeste*,*Churnwalker*,*Reza*,*Lance*,*Koshka*
*Celeste*,*Ylva*,*Gwen*,*Reza*,*Reza*
*Adagio*,*Tony*,*Reza*,*Anka*,*Anka*
*Samuel*,*Sanfeng*,*Adagio*,*Kestrel*,*Kestrel*
*Magnus*,*Yates*,*Reza*,*Vox*,*Kestrel*
*Magnus*,,*Lance*,*Grumpjaw*,*Churnwalker*
*Ringo*,,*Lance*,*Kestrel*,*Sanfeng*
*Magnus*,,*Adagio*,*Kestrel*,*Kestrel*
*Magnus*,,*Lance*,*Anka*,*Reza*
*Sanfeng*,,*Adagio*,*Kestrel*,*Inara*
*Celeste*,,*Lance*,*Kestrel*,*Malene*
*Samuel*,,*Sanfeng*,*Kestrel*,*Anka*
*Sanfeng*,,*Lance*,*Kestrel*,*Anka*
*Celeste*,,*Lance*,*Reza*,*Ardan*
*Sanfeng*,,*Kestrel*,*Alpha*,*Anka*
*Celeste*,,*Malene*,*Alpha*,*Grumpjaw*
*Malene*,,*Kinetic*,*Grumpjaw*,*Malene*
*Celeste*,,*Lance*,*Reza*,*Anka*
*Sanfeng*,,*Reza*,*Lance*,*Reza*
*Samuel*,,*Gwen*,*Kestrel*,*Malene*
*Celeste*,,*Malene*,*Grumpjaw*,*Anka*
*Magnus*,,*Lance*,*Lance*,*Anka*
*Samuel*,,*Reza*,*Lance*,*Glaive*
*Magnus*,,*Reza*,*Baptiste*,*Lance*
*Celeste*,,*Reza*,*Ringo*,*Anka*
*Sanfeng*,,*Kinetic*,*Ringo*,*Ylva*
*Skaarf*,,*Lance*,,*Anka*
*Magnus*,,*Kinetic*,,*Anka*
*Samuel*,,*Grumpjaw*,,*Malene*
*Celeste*,,*Malene*,,*Reza*
*Samuel*,,*Sanfeng*,,*Sanfeng*
*Sanfeng*,,*Reza*,,*Lyra*
*Celeste*,,*Kinetic*,,*Inara*
*Malene*,,*Gwen*,,*Magnus*
*Sanfeng*,,*Malene*,,*Anka*
*Magnus*,,*Lance*,,*Ylva*
*Celeste*,,*Malene*,,*Baron*
*Celeste*,,*Gwen*,,*Reza*
*Skaarf*,,*Lance*,,*Anka*
*Magnus*,,*Samuel*,,*Fortress*
*Anka*,,*Lance*,,*Fortress*
*Sanfeng*,,*Kinetic*,,*Fortress*
*Sanfeng*,,*Lance*,,*Magnus*
*Lance*,,*Reza*,,*Anka*
*Celeste*,,*Sanfeng*,,*Anka*
*Magnus*,,*Gwen*,,*Anka*
*Malene*,,*Gwen*,,*Alpha*
*Celeste*,,*Lance*,,*Malene*
*Samuel*,,*Lance*,,*Baptiste*
*Magnus*,,*Lance*,,*Baptiste*
*Malene*,,*Gwen*,,*Malene*
*Malene*,,*Gwen*,,*Reza*
*Malene*,,*Gwen*,,*Fortress*
*Skaarf*,,*Kinetic*,,*Grumpjaw*
*Celeste*,,*Lance*,,*Fortress*
,,*Gwen*,,*Joule*
,,*Gwen*,,
,,*Joule*,,
,,*Malene*,,
,,*Sanfeng*,,
,,*Joule*,,
,,*Joule*,,
,,*Joule*,,
,,*Lance*,,
,,*Joule*,,
,,*Baron*,,
,,*Malene*,,
,,*Adagio*,,
,,*Baron*,,
,,*Vox*,,
,,*Baron*,,
,,*Baron*,,
,,*Lance*,,
,,*Lance*,,
,,*Baron*,,
,,*Gwen*,,
,,*Baron*,,
,,*Joule*,,
,,*Gwen*,,
,,*Joule*,,
,,*Baron*,,
,,*Baron*,,
,,*Gwen*,,
,,*Baron*,,
,,*Baron*,,
,,*Baron*,,
,,*Joule*,,
,,*Baron*,,
,,*Joule*,,
,,*Lance*,,
,,*Baron*,,
,,*Gwen*,,
,,*Joule*,,
,,*Baron*,,
,,*Lance*,,
,,*Baron*,,
,,*Magnus*,,
,,*Baron*,,
,,*Gwen*,,
,,*Baron*,,
,,*Lance*,,
,,*Adagio*,,
,,*Adagio*,,
,,*Baron*,,
,,*Kinetic*,,
